List Number	Author	Author Wikidata ID	Author GND ID	Title	Subtitle	Pages	Publication Date	Date of first performance	Location of first performance	Work Wikidata ID	Work Goodreads ID	Work GND ID	DraCor ID
1	Anonym (Sebastian Joseph Krause)	http://www.wikidata.org/entity/Q60841955	https://d-nb.info/gnd/105765146X	Die Rebellion	Ein Vaterländisches Original-Schauspiel in vier Aufzügen	7–8	1791			http://www.wikidata.org/entity/Q137360819			
2	Johann Friedrich Ernst Albrecht	http://www.wikidata.org/entity/Q124680	https://d-nb.info/gnd/118644386	Masaniello von Neapel	Original-Trauerspiel in fünf Aufzügen	8–9	1789						
3	Sophie Albrecht	http://www.wikidata.org/entity/Q1330321	https://d-nb.info/gnd/116010010	Theresgen	Ein Schauspiel mit Gesang, in fünf Aufzügen	9–10	1781						
4	Cornelius Hermann von Ayrenhoff	http://www.wikidata.org/entity/Q112838	https://d-nb.info/gnd/118869647	Aurelius oder Wettstreit der Großmuth	Ein Trauerspiel in fünf Aufzügen. Auf die Wienerische Schaubühne gebracht im Jahre 1766	10–11	1766	1766	Wien				
5	Cornelius Hermann von Ayrenhoff	http://www.wikidata.org/entity/Q112838	https://d-nb.info/gnd/118869647	Die Freundschaft der Weiber nach der letzten Mode	Ein Lustspiel in zween Aufzügen. Auf das Wiener Theater gebracht im Jahre 1782	11–12	1782	1782	Wien				
6	Cornelius Hermann von Ayrenhoff	http://www.wikidata.org/entity/Q112838	https://d-nb.info/gnd/118869647	Hermanns Tod	Ein Trauerspiel in Versen. Von einem k. k. Officier. Aufgeführt auf der k. k. Deutschen Schaubühne in Wien	12–13	1769	1768	Wien				
7	Cornelius Hermann von Ayrenhoff	http://www.wikidata.org/entity/Q112838	https://d-nb.info/gnd/118869647	Irene	Ein christliches Trauerspiel in Prosa in drey Aufzügen	13–14	1781	1781-01-21	Wien				
8	Cornelius Hermann von Ayrenhoff	http://www.wikidata.org/entity/Q112838	https://d-nb.info/gnd/118869647	Der Postzug oder die noblen Passionen	Ein Lustspiel in zween Aufzuegen	14–15	1769	1769-09-30	Wien	http://www.wikidata.org/entity/Q52692254			https://dracor.org/id/ger000211
9	Cornelius Hermann von Ayrenhoff	http://www.wikidata.org/entity/Q112838	https://d-nb.info/gnd/118869647	Tumelicus, oder der gerächte Hermann	Ein Trauerspiel mit Chören. Von dem Verfasser der dramatischen Unterhaltungen. Dem Verfasser der leipziger Beyträge zum deutschen Theater gewidmet	16	1774	1774	Wien				
10	Cornelius Hermann von Ayrenhoff	http://www.wikidata.org/entity/Q112838	https://d-nb.info/gnd/118869647	Virginia oder Das abgeschaffte Decemvirat	Ein Trauerspiel	17	1790	1790-06-09	Wien	http://www.wikidata.org/entity/Q51529492			https://dracor.org/id/ger000282
11	Joseph Marius von Babo	http://www.wikidata.org/entity/Q104172	https://d-nb.info/gnd/118988107	Das Fräulein Wohlerzogen	ein Lustspiel in drei Aufzügen. Ein Sittengemälde aus München	18	1783			http://www.wikidata.org/entity/Q122168239			https://dracor.org/id/ger000643
12	Joseph Marius von Babo	http://www.wikidata.org/entity/Q104172	https://d-nb.info/gnd/118988107	Oda, die Frau von zween Männern	Ein Trauerspiel. Aufgeführt auf den kurfürstl. Nationaltheater in München	19	1782	1780-12-10	München	http://www.wikidata.org/entity/Q133826191			
13	Joseph Marius von Babo	http://www.wikidata.org/entity/Q104172	https://d-nb.info/gnd/118988107	Otto von Wittelsbach, Pfalzgraf in Baiern	Ein vaterländisches Trauerspiel in fünf Aufzügen	20	1782	1781-11-23	München	http://www.wikidata.org/entity/Q126722884			
14	Joseph Marius von Babo	http://www.wikidata.org/entity/Q104172	https://d-nb.info/gnd/118988107	Das Winterquartier in Amerika	Ein Original-Lustspiel in einem Aufzuge. Aufgeführt auf dem Chrufürstl. Theater zu München	21	1779	1778-04-20	Mannheim	http://www.wikidata.org/entity/Q120492077			https://dracor.org/id/ger000629
15	Nathanael Baumgarten	http://www.wikidata.org/entity/Q55912976	https://d-nb.info/gnd/117578126	Der sterbende Socrates	Ein Trauerspiel	22–23	1741	1741	Berlin				
16	Georg Behrmann	http://www.wikidata.org/entity/Q20978891	https://d-nb.info/gnd/116111747	Die Horazier	Ein Trauerspiel	23–24	1751	1751	Hamburg				
17	Georg Behrmann	http://www.wikidata.org/entity/Q20978891	https://d-nb.info/gnd/116111747	Timoleon. Der Bürgerfreund	Ein Trauerspiel	24–25	1741	1735-11-28	Hamburg				
18	Traugott Benjamin Berger	http://www.wikidata.org/entity/Q94914089	https://d-nb.info/gnd/127520546	Galora von Venedig	Ein Trauerspiel in fünf Aufzügen	25–26	1778			http://www.wikidata.org/entity/Q135464697	https://www.goodreads.com/work/editions/120259100		
19	Friedrich Justin Bertuch	http://www.wikidata.org/entity/Q213775	https://d-nb.info/gnd/118510169	Elfride	Trauerspiel in drey Aufzügen	26–27	1775	1773-09-04	Weimar				
20	Maximilian Blaimhofer	http://www.wikidata.org/entity/Q1913924	https://d-nb.info/gnd/100054927	Die geistliche Braut als weltliche Hochzeiterinn	Ein Lustspiel in fünf Aufzügen von dem Verfasser der Schweden in Bajern	28–29	1784	1793-12-22	München				
21	Johann Jakob Bodmer	http://www.wikidata.org/entity/Q115588	https://d-nb.info/gnd/118512315	Arnold von Brescia in Rom; samt Ueberbleibseln von seiner Geschichte	Im Jahr 1776	29–30	1776						
22	Johann Jakob Bodmer	http://www.wikidata.org/entity/Q115588	https://d-nb.info/gnd/118512315	Friederich von Tokenburg	Ein Trauerspiel	30–31	1761						
23	Johann Jakob Bodmer	http://www.wikidata.org/entity/Q115588	https://d-nb.info/gnd/118512315	Odoardo Galotti, Vater der Emilia	Ein Pendant zu Emilia. In einem Aufzuge	31–32	1777			http://www.wikidata.org/entity/Q51450870			https://dracor.org/id/ger000449
24	Johann Jakob Bodmer	http://www.wikidata.org/entity/Q115588	https://d-nb.info/gnd/118512315	Timoleon von Korinth	Ein politisches Trauerspiel	32–33	1768						
25	Johann Jakob Bodmer	http://www.wikidata.org/entity/Q115588	https://d-nb.info/gnd/118512315	Der Tod des Ersten Menschen		33–34	1776			http://www.wikidata.org/entity/Q135433210			
26	Hinrich Borkenstein	http://www.wikidata.org/entity/Q1619457	https://d-nb.info/gnd/100428428	Der Bookesbeutel	Ein Lustspiel von Drey Aufzügen	34–35	1742	1741-08-16	Hamburg	http://www.wikidata.org/entity/Q51451132		https://d-nb.info/gnd/1212887999	https://dracor.org/id/ger000347
27	Johann Christian Brandes	http://www.wikidata.org/entity/Q112511	https://d-nb.info/gnd/118673165	Der Graf von Olsbach, oder die Belohnung der Rechtschaffenheit	Ein Lustspiel in fünf Aufzügen	36–37	1768	1768-08-20	Leipzig				
28	Johann Christian Brandes	http://www.wikidata.org/entity/Q112511	https://d-nb.info/gnd/118673165	Rahel, oder Die schöne Jüdinn	Trauerspiel in drey Aufzügen	37–38	1790			http://www.wikidata.org/entity/Q135913636			
29	Joachim Wilhelm von Brawe	http://www.wikidata.org/entity/Q67248	https://d-nb.info/gnd/11865991X	Brutus	Ein Trauerspiel in fünf Aufzügen	39–40	1768	1770-08-20	Wien	http://www.wikidata.org/entity/Q51370012		https://d-nb.info/gnd/1043983619	https://dracor.org/id/ger000472
30	Joachim Wilhelm von Brawe	http://www.wikidata.org/entity/Q67248	https://d-nb.info/gnd/11865991X	Der Freygeist	Ein Trauerspiel in fünf Aufzügen	40–41	1758			http://www.wikidata.org/entity/Q51369297	https://www.goodreads.com/work/editions/73448218	https://d-nb.info/gnd/1043981861	https://dracor.org/id/ger000283
31	Karl Theodor Breithaupt	http://www.wikidata.org/entity/Q130634440	https://d-nb.info/gnd/1022276433	Der Renegat	Ein bürgerliches Trauerspiel in fünf Aufzügen	41–42	1759			http://www.wikidata.org/entity/Q130634456	https://www.goodreads.com/work/editions/158745934		
32	Johann Ludwig Ambühl	http://www.wikidata.org/entity/Q1695326	https://d-nb.info/gnd/122403339	Wilhelm Tell, ein schweizerisches Nationalschauspiel	Eine Preisschrift von Herrn am Bühl. Zur Aufführung durch die zürchersche Jugend am Bechtoldstag bestimmt	42–43	1792	1792-01-02	Zürich				
33	Ernst Carl Ludwig Ysenburg von Buri	http://www.wikidata.org/entity/Q1357738	https://d-nb.info/gnd/100063934	Die Bastille	ein Trauerspiel in vier Aufzügen. Nach Französischen Originalen bearbeitet	44	1790						
34	Ernst Carl Ludwig Ysenburg von Buri	http://www.wikidata.org/entity/Q1357738	https://d-nb.info/gnd/100063934	Ludwig Capet, oder Der Königsmord	Ein bürgerliches Trauerspiel in vier Aufzügen	45	1793			http://www.wikidata.org/entity/Q135087588			
35	Friedrich Karl Kasimir von Creutz	http://www.wikidata.org/entity/Q4240043	https://d-nb.info/gnd/118834371	Seneca	Ein Trauerspiel	46	1754						
36	Johann Friedrich von Cronegk	http://www.wikidata.org/entity/Q87197	https://d-nb.info/gnd/11852285X	Codrus	Trauerspiel in fünf Aufzügen	47–48	1758			http://www.wikidata.org/entity/Q96406217		https://d-nb.info/gnd/7658062-3	https://dracor.org/id/ger000501
37	Johann Friedrich von Cronegk	http://www.wikidata.org/entity/Q87197	https://d-nb.info/gnd/11852285X	Der Mistrauische	Ein Lustspiel in fünf Aufzügen	48–49	1760	1766	Hamburg				
38	Johann Friedrich von Cronegk	http://www.wikidata.org/entity/Q87197	https://d-nb.info/gnd/11852285X	Olint und Sophronia	Fragment	49–50	1760	1767-04-22	Hamburg				
39	Christoph Friedrich von Derschau	http://www.wikidata.org/entity/Q1084918	https://d-nb.info/gnd/11763266X	Pylades und Orestes oder Denckmaal der Freundschafft	Ein Trauerspiel	51–52	1747						
40	Johann Jakob Dusch	http://www.wikidata.org/entity/Q106895	https://d-nb.info/gnd/116257008	Der Bankerot	Ein bürgerliches Trauerspiel	52–53	1763			http://www.wikidata.org/entity/Q133289015			
41	Johann Gottfried Dyck	http://www.wikidata.org/entity/Q1694090	https://d-nb.info/gnd/100054315	Leichtsinn und Verführung, oder Die Folgen der Spielsucht	Ein bürgerliches Trauerspiel in fünf Akten	53–54	1784			http://www.wikidata.org/entity/Q135900083			
42	Gustav Edinhard (= Anton Wilhelm Christian Fink)	http://www.wikidata.org/entity/Q595473	https://d-nb.info/gnd/121172554	Die Verschwörung der Pazzi zu Florenz	Ein Trauerspiel in fünf Aufzügen	55	1791						
43	Marianne Ehrmann	http://www.wikidata.org/entity/Q1896790	https://d-nb.info/gnd/11937160X	Leichtsinn und gutes Herz, oder Folgen der Erziehung	Originalschauspiel in 4 Aufzügen	56	1786						
44	Johann Jakob Engel	http://www.wikidata.org/entity/Q71442	https://d-nb.info/gnd/11868468X	Der Edelknabe	Ein Lustspiel für Kinder in einem Aufzuge	57–58	1774			http://www.wikidata.org/entity/Q123285728			https://dracor.org/id/ger000678
45	Johann Jakob Engel	http://www.wikidata.org/entity/Q71442	https://d-nb.info/gnd/11868468X	Eid und Pflicht	Ein bürgerliches Trauerspiel in fünf Aufzügen	58–59	1803	1798	Hamburg	http://www.wikidata.org/entity/Q52894275			https://dracor.org/id/ger000262
46	Isaac Euchel	http://www.wikidata.org/entity/Q1673389	https://d-nb.info/gnd/122891961	Reb Henoch oder Was thut me dermit?	Ein Familiengemälde in drei Abtheilungen	59–61	1846						
47	Christian Fürchtegott Gellert	http://www.wikidata.org/entity/Q60584	https://d-nb.info/gnd/118538322	Die Betschwester	Ein Lustspiel in drei Aufzügen	61–62	1745	1745	Leipzig	http://www.wikidata.org/entity/Q1211320	https://www.goodreads.com/work/editions/47744016	https://d-nb.info/gnd/1216595151	https://dracor.org/id/ger000124
48	Christian Fürchtegott Gellert	http://www.wikidata.org/entity/Q60584	https://d-nb.info/gnd/118538322	Das Loos in der Lotterie	Ein Lustspiel in fünf Aufzügen	62–63	1747	1747	Hannover				
49	Christian Fürchtegott Gellert	http://www.wikidata.org/entity/Q60584	https://d-nb.info/gnd/118538322	Sylvia	Ein Schäferspiel in einem Aufzuge	64	1745	1745-05-18	Leipzig				
50	Christian Fürchtegott Gellert	http://www.wikidata.org/entity/Q60584	https://d-nb.info/gnd/118538322	Die zärtlichen Schwestern	Ein Lustspiel	65–66	1747	1747	Leipzig	http://www.wikidata.org/entity/Q1219978		https://d-nb.info/gnd/1216592136	https://dracor.org/id/ger000326
51	Otto Heinrich von Gemmingen-Hornberg	http://www.wikidata.org/entity/Q215771	https://d-nb.info/gnd/118716778	Die Erbschaft	Ein Schauspiel in drei Aufzügen	67–68	1779						
52	Otto Heinrich von Gemmingen-Hornberg	http://www.wikidata.org/entity/Q215771	https://d-nb.info/gnd/118716778	Der teutsche Hausvater oder die Familie		68–70	1780	1780	München	http://www.wikidata.org/entity/Q52895487		https://d-nb.info/gnd/1215366388	https://dracor.org/id/ger000189
53	Heinrich Wilhelm von Gerstenberg	http://www.wikidata.org/entity/Q77488	https://d-nb.info/gnd/118690949	Ugolino	Eine Tragoedie, in fünf Aufzügen	70–72	1768	1769-06-22	Berlin				
54	Johann Wilhelm Ludwig Gleim	http://www.wikidata.org/entity/Q64364	https://d-nb.info/gnd/118717758	Der Blöde Schäfer	Ein Lustspiel	72–73	1745	1744	Breslau				
55	Johann Wilhelm Ludwig Gleim	http://www.wikidata.org/entity/Q64364	https://d-nb.info/gnd/118717758	Philotas	Ein Trauerspiel	74–75	1760			http://www.wikidata.org/entity/Q6074342		https://d-nb.info/gnd/4079168-3	https://dracor.org/id/ger000194
56	Johann Wolfgang von Goethe	http://www.wikidata.org/entity/Q5879	https://d-nb.info/gnd/118540238	Die Aufgeregten	Politisches Drama in fünf Akten	75–76	1817			http://www.wikidata.org/entity/Q41737583			
57	Johann Wolfgang von Goethe	http://www.wikidata.org/entity/Q5879	https://d-nb.info/gnd/118540238	Der Bürgergeneral	Ein Lustspiel in einem Aufzuge	76–77	1793	1793-05-02	Weimar	http://www.wikidata.org/entity/Q1192735	https://www.goodreads.com/work/editions/22312359	https://d-nb.info/gnd/1217216731	https://dracor.org/id/ger000106
58	Johann Wolfgang von Goethe	http://www.wikidata.org/entity/Q5879	https://d-nb.info/gnd/118540238	Clavigo	Ein Trauerspiel	77–78	1774	1774-08-23	Augsburg	http://www.wikidata.org/entity/Q466752	https://www.goodreads.com/work/editions/1830214	https://d-nb.info/gnd/4280631-8	https://dracor.org/id/ger000157
59	Johann Wolfgang von Goethe	http://www.wikidata.org/entity/Q5879	https://d-nb.info/gnd/118540238	Egmont	Ein Trauerspiel	78–80	1788	1791-03-31	Weimar	http://www.wikidata.org/entity/Q1298242	https://www.goodreads.com/work/editions/426802	https://d-nb.info/gnd/4191697-9	https://dracor.org/id/ger000442
60	Johann Wolfgang von Goethe	http://www.wikidata.org/entity/Q5879	https://d-nb.info/gnd/118540238	Ein Fastnachtsspiel (…) vom Pater Brey		80–81	1774	1773-05-01	Darmstadt	http://www.wikidata.org/entity/Q1304484			
61	Johann Wolfgang von Goethe	http://www.wikidata.org/entity/Q5879	https://d-nb.info/gnd/118540238	Elpenor	Ein Schauspiel	81–82	1806						
62	Johann Wolfgang von Goethe	http://www.wikidata.org/entity/Q5879	https://d-nb.info/gnd/118540238	Goethes Faust in ursprünglicher Gestalt		82–83	1887	1912-05-02	Weimar				
63	Johann Wolfgang von Goethe	http://www.wikidata.org/entity/Q5879	https://d-nb.info/gnd/118540238	Götter, Helden und Wieland	Eine Farce	83–84	1774			http://www.wikidata.org/entity/Q1559765		https://d-nb.info/gnd/1216905916	https://dracor.org/id/ger000409
64	Johann Wolfgang von Goethe	http://www.wikidata.org/entity/Q5879	https://d-nb.info/gnd/118540238	Götz von Berlichingen mit der eisernen Hand	Ein Schauspiel	84–86	1773	1774-04-14	Berlin				
65	Johann Wolfgang von Goethe	http://www.wikidata.org/entity/Q5879	https://d-nb.info/gnd/118540238	Der Groß-Cophta	Ein Lustspiel in fünf Aufzügen	86–88	1792	1791-12-17	Weimar	http://www.wikidata.org/entity/Q1194014		https://d-nb.info/gnd/4359869-9	https://dracor.org/id/ger000198
66	Johann Wolfgang von Goethe	http://www.wikidata.org/entity/Q5879	https://d-nb.info/gnd/118540238	Hanswursts Hochzeit oder der Lauf der Welt	Ein mikroskopisches Drama, verfasst 1775	88–89	1836						
67	Johann Wolfgang von Goethe	http://www.wikidata.org/entity/Q5879	https://d-nb.info/gnd/118540238	Iphigenie auf Tauris	Ein Schauspiel	89–90	1787	1779-04-06	Ettersburg				
68	Johann Wolfgang von Goethe	http://www.wikidata.org/entity/Q5879	https://d-nb.info/gnd/118540238	Jahrmarktsfest zu Plundersweilern	Ein Schönbartsspiel	90–91	1774	1778-10-20	Ettersburg	http://www.wikidata.org/entity/Q1678697		https://d-nb.info/gnd/4586437-8	https://dracor.org/id/ger000536
69	Johann Wolfgang von Goethe	http://www.wikidata.org/entity/Q5879	https://d-nb.info/gnd/118540238	Proserpina	Ein Monodrama	92–93	1778	1778-01-30	Weimar				
70	Johann Wolfgang von Goethe	http://www.wikidata.org/entity/Q5879	https://d-nb.info/gnd/118540238	Satyros oder der vergötterte Waldteufel	Drama, verfasst 1770	93–94	1817			http://www.wikidata.org/entity/Q19226867		https://d-nb.info/gnd/4432953-2	https://dracor.org/id/ger000388
71	Johann Wolfgang von Goethe	http://www.wikidata.org/entity/Q5879	https://d-nb.info/gnd/118540238	Stella	Ein Schauspiel für Liebende in fünf Akten	94–95	1776	1776-02-08	Hamburg				
72	Johann Wolfgang von Goethe	http://www.wikidata.org/entity/Q5879	https://d-nb.info/gnd/118540238	Torquato Tasso	Ein Schauspiel	95–96	1790	1807-02-16	Weimar				
73	Friedrich Wilhelm Gotter	http://www.wikidata.org/entity/Q70356	https://d-nb.info/gnd/118540939	Die Erbschleicher	Ein Lustspiel in fünf Akten	97	1789	1788-05-04	Mannheim	http://www.wikidata.org/entity/Q119458026			https://dracor.org/id/ger000620
74	Friedrich Wilhelm Gotter	http://www.wikidata.org/entity/Q70356	https://d-nb.info/gnd/118540939	Mariane	Ein bürgerliches Trauerspiel in drey Aufzügen	98	1776	1775-12-06	Gotha	http://www.wikidata.org/entity/Q131764259	https://www.goodreads.com/work/editions/68894323	https://d-nb.info/gnd/129444378X	
75	Friedrich Wilhelm Gotter	http://www.wikidata.org/entity/Q70356	https://d-nb.info/gnd/118540939	Merope	Ein Trauerspiel in fünf Aufzügen	99	1774	1773-10-27	Weimar				
76	Johann Christoph Gottsched	http://www.wikidata.org/entity/Q76442	https://d-nb.info/gnd/118541013	Agis, König zu Sparta	Ein Trauerspiel	100–101	1745	1751	Wien				
77	Johann Christoph Gottsched	http://www.wikidata.org/entity/Q76442	https://d-nb.info/gnd/118541013	Atalanta oder Die bezwungene Sprödigkeit	Ein Schäferspiel, in fünf Aufzügen	101–102	1741	1741	Hamburg	http://www.wikidata.org/entity/Q55103320		https://d-nb.info/gnd/135949247X	https://dracor.org/id/ger000252
78	Johann Christoph Gottsched	http://www.wikidata.org/entity/Q76442	https://d-nb.info/gnd/118541013	Sterbender Cato	Ein Trauerspiel	102–104	1732	1731	Leipzig	http://www.wikidata.org/entity/Q51396085			
79	Johann Christoph Gottsched	http://www.wikidata.org/entity/Q76442	https://d-nb.info/gnd/118541013	Die parisische Bluthochzeit König Heinrichs von Navarra	Ein Trauerspiel	104–106	1745	1746				https://d-nb.info/gnd/4325547-4	https://dracor.org/id/ger000244
80	Luise Adelgunde Victorie Gottsched	http://www.wikidata.org/entity/Q65863	https://d-nb.info/gnd/118696734	Die Hausfranzösinn, oder die Mammsell	Ein deutsches Lustspiel in fünf Aufzügen	106–107	1744	1744	Breslau				
81	Luise Adelgunde Victorie Gottsched	http://www.wikidata.org/entity/Q65863	https://d-nb.info/gnd/118696734	Herr Witzling	Ein deutsches Nachspiel in einem Aufzuge	107–108	1745			http://www.wikidata.org/entity/Q55102908		https://d-nb.info/gnd/1221090771	https://dracor.org/id/ger000395
82	Luise Adelgunde Victorie Gottsched	http://www.wikidata.org/entity/Q65863	https://d-nb.info/gnd/118696734	Panthea	Ein Trauerspiel, in fünf Aufzügen	109–110	1744	1744	Breslau	http://www.wikidata.org/entity/Q110549936			
83	Luise Adelgunde Victorie Gottsched	http://www.wikidata.org/entity/Q65863	https://d-nb.info/gnd/118696734	Die Pietisterey im Fischbein-Rocke; Oder die Doctormäßige Frau	In einem Lust-Spiele vorgestellet	110–112	1736			http://www.wikidata.org/entity/Q15805796		https://d-nb.info/gnd/1221094386	https://dracor.org/id/ger000462
84	Luise Adelgunde Victorie Gottsched	http://www.wikidata.org/entity/Q65863	https://d-nb.info/gnd/118696734	Das Testament	Ein deutsches Lustspiel in fünf Aufzügen	112–113	1745	1747	Hannover	http://www.wikidata.org/entity/Q42291271			https://dracor.org/id/ger000220
85	Luise Adelgunde Victorie Gottsched	http://www.wikidata.org/entity/Q65863	https://d-nb.info/gnd/118696734	Die ungleiche Heirath	Ein deutsches Lustspiel in fünf Aufzügen	113–114	1743	1750	Schwerin				
86	Friedrich Melchior Grimm	http://www.wikidata.org/entity/Q61852	https://d-nb.info/gnd/118697765	Banise	Ein Trauerspiel	115–116	1743	1745	Halle				
87	Gustav Friedrich Großmann	http://www.wikidata.org/entity/Q88019	https://d-nb.info/gnd/118542648	Nicht mehr als sechs Schüsseln	Ein Familien-Gemälde in fünf Aufzügen	116–117	1780	1779-04-06	Bonn				
88	Gustav Friedrich Großmann	http://www.wikidata.org/entity/Q88019	https://d-nb.info/gnd/118542648	Wilhelmine von Blondheim	Ein Trauerspiel in drei Aufzügen	117–118	1775	1778-03-10	Breslau	http://www.wikidata.org/entity/Q133250770			
89	Johann Gottfried Hagemeister	http://www.wikidata.org/entity/Q1694100	https://d-nb.info/gnd/100155324	Brutus und seine Söhne		119–120	1794						
90	Johann Gottfried Hagemeister	http://www.wikidata.org/entity/Q1694100	https://d-nb.info/gnd/100155324	Der Graf aus Deutschland	Ein Lustspiel in fünf Aufzügen	120–121	1791						
91	Johann Gottfried Hagemeister	http://www.wikidata.org/entity/Q1694100	https://d-nb.info/gnd/100155324	Der Tod des Pausanias	Ein Trauerspiel	122–123	1795						
92	Gerhard Anton von Halem	http://www.wikidata.org/entity/Q1511247	https://d-nb.info/gnd/118700944	Wallenstein	Ein Schauspiel	123–124	1786			http://www.wikidata.org/entity/Q525580		https://d-nb.info/gnd/4099340-1	
93	Aaron Halle-Wolfssohn	http://www.wikidata.org/entity/Q74769	https://d-nb.info/gnd/120163683	Leichtßin und Frömmelei	Ein Familien Gemählde in drei Aufsügn	125–126	1796						
94	Johann Georg Heubel	http://www.wikidata.org/entity/Q132941071	https://d-nb.info/gnd/1055654550	Die Begebenheiten des Telemachs auf der Insul der Göttin Calypso in einer Tragödie vorgestellt		126–127	1740						
95	Theodor Gottlieb von Hippel d. Ä.	http://www.wikidata.org/entity/Q214310	https://d-nb.info/gnd/11855137X	Der Mann nach der Uhr, oder der ordentliche Mann	Lustspiel in Einem Aufzuge	127–128	1765			http://www.wikidata.org/entity/Q51393766			https://dracor.org/id/ger000359
96	Salomon Hirzel	http://www.wikidata.org/entity/Q23889138	https://d-nb.info/gnd/116916699	Junius Brutus	Ein Trauerspiel, in fünf Aufzügen	129–130	1761			http://www.wikidata.org/entity/Q104857302			
97	Friedrich Hölderlin	http://www.wikidata.org/entity/Q75889	https://d-nb.info/gnd/118551981	Der Tod des Empedokles	Fragmente eines Trauerspiels	130–132	1826	1916	Stuttgart	http://www.wikidata.org/entity/Q1197434		https://d-nb.info/gnd/4099237-8	
98	Ludwig Ferdinand Huber	http://www.wikidata.org/entity/Q88699	https://d-nb.info/gnd/118554077	Das heimliche Gericht	Ein Trauerspiel	132–133	1790	1790-02-11	Mannheim	http://www.wikidata.org/entity/Q136784236			
99	Ludwig Ferdinand Huber	http://www.wikidata.org/entity/Q88699	https://d-nb.info/gnd/118554077	Juliane	Ein Lustspiel in drei Aufzügen	134	1791						
100	Ludwig Friedrich Hudemann	http://www.wikidata.org/entity/Q1874412	https://d-nb.info/gnd/100820042	Diocletianus der Christenverfolger	Ein Trauerspiel	135	1751						
101	August Wilhelm Iffland	http://www.wikidata.org/entity/Q215115	https://d-nb.info/gnd/118555324	Figaro in Deutschland	Ein Lustspiel in fünf Aufzügen	136–137	1790	1789	Mannheim	http://www.wikidata.org/entity/Q51395031			https://dracor.org/id/ger000434
102	August Wilhelm Iffland	http://www.wikidata.org/entity/Q215115	https://d-nb.info/gnd/118555324	Die Jäger	Ein ländliches Sittengemälde in fünf Aufzügen	137–138	1785	1785-03-09	Dürkheim				
103	August Wilhelm Iffland	http://www.wikidata.org/entity/Q215115	https://d-nb.info/gnd/118555324	Die Kokarden	Ein Trauerspiel in fünf Aufzügen	138–139	1791	1791-10-14	Leipzig	http://www.wikidata.org/entity/Q137106271			
104	August Wilhelm Iffland	http://www.wikidata.org/entity/Q215115	https://d-nb.info/gnd/118555324	Verbrechen aus Ehrsucht	Ein ernsthaftes Familiengemählde in fünf Aufzügen	139–140	1784	1784-03-09	Mannheim	http://www.wikidata.org/entity/Q51395085	https://www.goodreads.com/work/editions/41704373	https://d-nb.info/gnd/1217605371	https://dracor.org/id/ger000235
105	Katharina II., Kaiserin von Russland	http://www.wikidata.org/entity/Q36450	https://d-nb.info/gnd/118560565	Der Betrüger		140–142	1788	1786-01	St. Petersburg				
106	Katharina II., Kaiserin von Russland	http://www.wikidata.org/entity/Q36450	https://d-nb.info/gnd/118560565	Der Verblendete		140–142	1788	1786-02	St. Petersburg				
107	Katharina II., Kaiserin von Russland	http://www.wikidata.org/entity/Q36450	https://d-nb.info/gnd/118560565	Der sibirische Schaman		140–142	1788	1786-07-24	St. Petersburg				
108	Anton von Klein	http://www.wikidata.org/entity/Q27017076	https://d-nb.info/gnd/100303501	Kaiser Rudolf von Habsburg	Ein Trauerspiel in fünf Aufzügen	142–144	1787						
109	Ewald Christian von Kleist	http://www.wikidata.org/entity/Q213747	https://d-nb.info/gnd/118723499	Seneka	Ein Trauerspiel	144–145	1758						
110	Ernst August Friedrich Klingemann	http://www.wikidata.org/entity/Q68143	https://d-nb.info/gnd/118563300	Die Maske	Trauerspiel in 4 Aufzügen	145–146	1797	1797-09-08	Rudolstadt	http://www.wikidata.org/entity/Q133503122			
111	Friedrich Maximilian Klinger	http://www.wikidata.org/entity/Q213549	https://d-nb.info/gnd/118563319	Damokles	Ein Trauerspiel in fünf Akten	146–147	1790						
112	Friedrich Maximilian Klinger	http://www.wikidata.org/entity/Q213549	https://d-nb.info/gnd/118563319	Elfride	Eine Tragödie	147–148	1783						
113	Friedrich Maximilian Klinger	http://www.wikidata.org/entity/Q213549	https://d-nb.info/gnd/118563319	Das leidende Weib	Ein Trauerspiel	149	1775			http://www.wikidata.org/entity/Q95579878	https://www.goodreads.com/work/editions/26768891	https://d-nb.info/gnd/1219177105	https://dracor.org/id/ger000497
114	Friedrich Maximilian Klinger	http://www.wikidata.org/entity/Q213549	https://d-nb.info/gnd/118563319	Die Neue Arria	Ein Schauspiel	150	1776			http://www.wikidata.org/entity/Q56422542	https://www.goodreads.com/work/editions/26768893	https://d-nb.info/gnd/4327535-7	https://dracor.org/id/ger000103
115	Friedrich Maximilian Klinger	http://www.wikidata.org/entity/Q213549	https://d-nb.info/gnd/118563319	Prinz Seiden-Wurm der Reformator oder die Kron-Kompetenten	Ein moralisches Drama aus dem fünften Theil des Orpheus	151–152	1780			http://www.wikidata.org/entity/Q95588022		https://d-nb.info/gnd/1203662807	https://dracor.org/id/ger000498
116	Friedrich Maximilian Klinger	http://www.wikidata.org/entity/Q213549	https://d-nb.info/gnd/118563319	Simsone Grisaldo	Ein Schauspiel in fünf Akten	152–154	1776			http://www.wikidata.org/entity/Q56422563		https://d-nb.info/gnd/4426847-6	https://dracor.org/id/ger000443
117	Friedrich Maximilian Klinger	http://www.wikidata.org/entity/Q213549	https://d-nb.info/gnd/118563319	Stilpo und seine Kinder	Ein Trauerspiel in fünf Akten	154–155	1780	1779-02-23	Mannheim				
118	Friedrich Maximilian Klinger	http://www.wikidata.org/entity/Q213549	https://d-nb.info/gnd/118563319	Sturm und Drang	Ein Schauspiel	155–156	1776	1777-04-01	Leipzig	http://www.wikidata.org/entity/Q1768388	https://www.goodreads.com/work/editions/20316525	https://d-nb.info/gnd/4568296-3	https://dracor.org/id/ger000053
119	Friedrich Maximilian Klinger	http://www.wikidata.org/entity/Q213549	https://d-nb.info/gnd/118563319	Die Zwillinge	Ein Trauerspiel in fünf Aufzügen	157–158	1776	1776-02-23	Hamburg	http://www.wikidata.org/entity/Q1217801	https://www.goodreads.com/work/editions/3753035	https://d-nb.info/gnd/4114230-5	https://dracor.org/id/ger000190
120	Friedrich Gottlieb Klopstock	http://www.wikidata.org/entity/Q154367	https://d-nb.info/gnd/118563386	David	Ein Trauerspiel	159	1772						
121	Friedrich Gottlieb Klopstock	http://www.wikidata.org/entity/Q154367	https://d-nb.info/gnd/118563386	Hermann und die Fürsten	Ein Bardiet für die Schaubühne	160–161	1784						
122	Friedrich Gottlieb Klopstock	http://www.wikidata.org/entity/Q154367	https://d-nb.info/gnd/118563386	Hermanns Schlacht	Ein Bardiet für die Schaubühne	161–162	1769			http://www.wikidata.org/entity/Q56447366		https://d-nb.info/gnd/4533131-5	https://dracor.org/id/ger000345
123	Friedrich Gottlieb Klopstock	http://www.wikidata.org/entity/Q154367	https://d-nb.info/gnd/118563386	Hermanns Tod	Ein Bardiet für die Schaubühne	162–163	1787						
124	Friedrich Gottlieb Klopstock	http://www.wikidata.org/entity/Q154367	https://d-nb.info/gnd/118563386	Salomo	Ein Trauerspiel	164	1764			http://www.wikidata.org/entity/Q19226689			
125	Friedrich Gottlieb Klopstock	http://www.wikidata.org/entity/Q154367	https://d-nb.info/gnd/118563386	Der Tod Adams	Ein Trauerspiel	165	1757	1767-12	Halberstadt	http://www.wikidata.org/entity/Q22809001		https://d-nb.info/gnd/4440560-1	https://dracor.org/id/ger000013
126	Johann Ulrich von König	http://www.wikidata.org/entity/Q1696433	https://d-nb.info/gnd/118777661	Der Dreßdner Frauen Schlendrian in einem Nachspiel verfertiget		166–167	1725	1724	Leipzig				
127	Johann Ulrich von König	http://www.wikidata.org/entity/Q1696433	https://d-nb.info/gnd/118777661	Die verkehrte Welt	Ein Lustspiel von einem Aufzuge	167–168	1725	1724	Leipzig	http://www.wikidata.org/entity/Q55999055		https://d-nb.info/gnd/1042648468	https://dracor.org/id/ger000313
128	August von Kotzebue	http://www.wikidata.org/entity/Q57242	https://d-nb.info/gnd/118565796	Adelheid von Wulfingen	Ein Denkmal der Barbarey des dreyzehnten Jahrhunderts	168–169	1783			http://www.wikidata.org/entity/Q22712287			
129	August von Kotzebue	http://www.wikidata.org/entity/Q57242	https://d-nb.info/gnd/118565796	Bruder Moritz, der Sonderling, oder die Colonie für die Pelew-Inseln	Lustspiel in drey Aufzügen	169–170	1791	1790	Reval				
130	August von Kotzebue	http://www.wikidata.org/entity/Q57242	https://d-nb.info/gnd/118565796	Die Indianer in England	Lustspiel in drey Aufzügen	170–171	1790	1789-04-06	Reval	http://www.wikidata.org/entity/Q22712283		https://d-nb.info/gnd/108040810X	https://dracor.org/id/ger000057
131	August von Kotzebue	http://www.wikidata.org/entity/Q57242	https://d-nb.info/gnd/118565796	La Peyrouse	Ein Schauspiel in zwei Akten	171–172	1798	1796-06-09	Berlin				
132	August von Kotzebue	http://www.wikidata.org/entity/Q57242	https://d-nb.info/gnd/118565796	Menschenhass und Reue	Schauspiel in fünf Aufzügen	173–174	1790	1788-12-04	Reval	http://www.wikidata.org/entity/Q1920777		https://d-nb.info/gnd/1200582152	https://dracor.org/id/ger000142
133	Benjamin Ephraim Krüger	http://www.wikidata.org/entity/Q94790385	https://d-nb.info/gnd/136546617	Mahomed der IV	Ein Trauerspiel	174–175	1744	1747	Hamburg				
134	Benjamin Ephraim Krüger	http://www.wikidata.org/entity/Q94790385	https://d-nb.info/gnd/136546617	Vitichab und Dankwart, die Allemannischen Brüder	Ein Trauerspiel	175–176	1746	1746					
135	Johann Christian Krüger	http://www.wikidata.org/entity/Q109643	https://d-nb.info/gnd/118778080	Der blinde Ehemann	Ein Lustspiel von drey Aufzügen	177–178	1751	1747-07-08	Hamburg				
136	Johann Christian Krüger	http://www.wikidata.org/entity/Q109643	https://d-nb.info/gnd/118778080	Die Candidaten, oder: Die Mittel zu einem Amte zu gelangen	Ein Lustspiel in fünf Handlungen	178–179	1748	1748-02-08	Braunschweig	http://www.wikidata.org/entity/Q56448539			https://dracor.org/id/ger000320
137	Johann Christian Krüger	http://www.wikidata.org/entity/Q109643	https://d-nb.info/gnd/118778080	Die Geistlichen auf dem Lande	Ein Lustspiel in drey Handlungen	180–181	1743			http://www.wikidata.org/entity/Q56448672			https://dracor.org/id/ger000173
138	Johann Christian Krüger	http://www.wikidata.org/entity/Q109643	https://d-nb.info/gnd/118778080	Der Teufel, ein Bärenhäuter	Ein Lustspiel in einer Handlung in Versen	181–182	1748	1748-05-27	Breslau				
139	August Lafontaine	http://www.wikidata.org/entity/Q70060	https://d-nb.info/gnd/118725947	Antonie oder das Klostergelübde	Ein Trauerspiel	182–183	1789			http://www.wikidata.org/entity/Q135914115			
140	Johann Anton Leisewitz	http://www.wikidata.org/entity/Q64063	https://d-nb.info/gnd/118571370	Julius von Tarent	Ein Trauerspiel	183–185	1776	1776-06-19	Berlin	http://www.wikidata.org/entity/Q1713126	https://www.goodreads.com/work/editions/3753034	https://d-nb.info/gnd/4114391-7	https://dracor.org/id/ger000050
141	Jakob Michael Reinhold Lenz	http://www.wikidata.org/entity/Q76417	https://d-nb.info/gnd/118571656	Die Freunde machen den Philosophen	Eine Komödie	185–186	1776			http://www.wikidata.org/entity/Q56255339			https://dracor.org/id/ger000155
142	Jakob Michael Reinhold Lenz	http://www.wikidata.org/entity/Q76417	https://d-nb.info/gnd/118571656	Der Hofmeister oder Vortheile der Privaterziehung	Eine Komödie	187–189	1774	1778-04-22	Hamburg	http://www.wikidata.org/entity/Q21213113	https://www.goodreads.com/work/editions/2003977	https://d-nb.info/gnd/4074154-0	https://dracor.org/id/ger000338
143	Jakob Michael Reinhold Lenz	http://www.wikidata.org/entity/Q76417	https://d-nb.info/gnd/118571656	Der neue Menoza. Oder Geschichte des cumbanischen Prinzen Tandi	Eine Komödie	189–191	1774	1963-02-04	Frankfurt am Main				
144	Jakob Michael Reinhold Lenz	http://www.wikidata.org/entity/Q76417	https://d-nb.info/gnd/118571656	Pandaemonium germanicum	Eine Skizze	191–192	1819			http://www.wikidata.org/entity/Q2049260		https://d-nb.info/gnd/1202948367	https://dracor.org/id/ger000701
145	Jakob Michael Reinhold Lenz	http://www.wikidata.org/entity/Q76417	https://d-nb.info/gnd/118571656	Die Soldaten	Eine Komödie	192–195	1776	1863-12-09	Wien	http://www.wikidata.org/entity/Q1216300		https://d-nb.info/gnd/4114399-1	https://dracor.org/id/ger000374
146	Jakob Michael Reinhold Lenz	http://www.wikidata.org/entity/Q76417	https://d-nb.info/gnd/118571656	Der verwundete Bräutigam		195	1845	1766-08-25	Gut Meyershof bei Dorpat				
147	Gotthold Ephraim Lessing	http://www.wikidata.org/entity/Q34628	https://d-nb.info/gnd/118572121	Emilia Galotti	Ein Trauerspiel in fünf Aufzügen	196–198	1772	1772-03-13	Braunschweig	http://www.wikidata.org/entity/Q782653	https://www.goodreads.com/work/editions/1646230	https://d-nb.info/gnd/4079164-6	https://dracor.org/id/ger000088
148	Gotthold Ephraim Lessing	http://www.wikidata.org/entity/Q34628	https://d-nb.info/gnd/118572121	Der Freygeist	Ein Lustspiel in fünf Aufzügen, verfasst 1749	198–199	1755	1756	Königsberg	http://www.wikidata.org/entity/Q51369297	https://www.goodreads.com/work/editions/73448218	https://d-nb.info/gnd/1043981861	https://dracor.org/id/ger000283
149	Gotthold Ephraim Lessing	http://www.wikidata.org/entity/Q34628	https://d-nb.info/gnd/118572121	Die Juden	Ein Lustspiel in einem Aufzuge, verfasst 1749	199–200	1754	1766-09-04	Nürnberg	http://www.wikidata.org/entity/Q1213679		https://d-nb.info/gnd/4838666-2	https://dracor.org/id/ger000222
150	Gotthold Ephraim Lessing	http://www.wikidata.org/entity/Q34628	https://d-nb.info/gnd/118572121	Der junge Gelehrte	Ein Lustspiel in drey Aufzügen, verfasst 1748	200–202	1754	1748-01	Leipzig	http://www.wikidata.org/entity/Q1198951		https://d-nb.info/gnd/4554340-9	https://dracor.org/id/ger000272
151	Gotthold Ephraim Lessing	http://www.wikidata.org/entity/Q34628	https://d-nb.info/gnd/118572121	Minna von Barnhelm, oder das Soldatenglück	Ein Lustspiel in fünf Aufzügen, verfasst 1763	202–204	1767	1767-09-30	Hamburg	http://www.wikidata.org/entity/Q1209859		https://d-nb.info/gnd/4099291-3	https://dracor.org/id/ger000357
152	Gotthold Ephraim Lessing	http://www.wikidata.org/entity/Q34628	https://d-nb.info/gnd/118572121	Der Misogyne	Ein Lustspiel in einem Aufzuge, verfasst 1748	204–205	1755	1768-01-15	Hannover				
153	Gotthold Ephraim Lessing	http://www.wikidata.org/entity/Q34628	https://d-nb.info/gnd/118572121	Miß Sara Sampson	Ein bürgerliches Trauerspiel, in fünf Aufzügen	205–207	1755	1755-07-10	Frankfurt an der Oder	http://www.wikidata.org/entity/Q1713147	https://www.goodreads.com/work/editions/1646158	https://d-nb.info/gnd/4079165-8	https://dracor.org/id/ger000087
154	Gotthold Ephraim Lessing	http://www.wikidata.org/entity/Q34628	https://d-nb.info/gnd/118572121	Nathan der Weise	Ein dramatisches Gedicht, in fünf Aufzügen	208–209	1779	1779-10-15	Mannheim	http://www.wikidata.org/entity/Q286611		https://d-nb.info/gnd/4099292-5	https://dracor.org/id/ger000369
155	Gotthold Ephraim Lessing	http://www.wikidata.org/entity/Q34628	https://d-nb.info/gnd/118572121	Philotas	Ein Trauerspiel	209–211	1759	1774-01-24	Berlin	http://www.wikidata.org/entity/Q6074342		https://d-nb.info/gnd/4079168-3	https://dracor.org/id/ger000194
156	Gotthold Ephraim Lessing	http://www.wikidata.org/entity/Q34628	https://d-nb.info/gnd/118572121	Samuel Henzi	Ein Trauerspiel	212–213	1753			http://www.wikidata.org/entity/Q3946623			
157	Gotthold Ephraim Lessing	http://www.wikidata.org/entity/Q34628	https://d-nb.info/gnd/118572121	Der Schatz	Ein Lustspiel in einem Aufzuge, verfasst 1750	213–214	1755	1756	Königsberg	http://www.wikidata.org/entity/Q56255327		https://d-nb.info/gnd/1121946461	https://dracor.org/id/ger000249
158	Karl Gotthelf Lessing	http://www.wikidata.org/entity/Q1731277	https://d-nb.info/gnd/116950390	Die Mätresse	Ein Lustspiel in fünf Aufzügen	215–216	1780	1781-01-04	Breslau				
159	Johann Friedrich Löwen	http://www.wikidata.org/entity/Q103936	https://d-nb.info/gnd/119139804	Hermes und Nestan, oder das Orakel	Ein prosaisches Trauerspiel in zween Aufzügen	216–217	1765						
160	Johann Friedrich Löwen	http://www.wikidata.org/entity/Q103936	https://d-nb.info/gnd/119139804	Das Räthsel, oder Was dem Frauenzimmer am meisten gefällt	Ein Lustspiel in einem Aufzuge, mit einem Divertissement	217–218	1766						
161	Christian Leberecht Martini	http://www.wikidata.org/entity/Q94830647	https://d-nb.info/gnd/100846459	Rhynsolt und Sapphira	Ein prosaisches Trauerspiel in drei Handlungen	219–220	1755	1755	Hamburg	http://www.wikidata.org/entity/Q124818355		https://d-nb.info/gnd/1272827542	https://dracor.org/id/ger000690
162	Christian Leberecht Martini	http://www.wikidata.org/entity/Q94830647	https://d-nb.info/gnd/100846459	Der Vormund		220–221	1765	1763					
163	Heinrich Ferdinand Möller	http://www.wikidata.org/entity/Q1470618	https://d-nb.info/gnd/10037784X	Der Graf von Walltron, oder die Subordination	Ein Originaltrauerspiel in fünf Aufzügen	221–222	1776	1776-01-25	Prag	http://www.wikidata.org/entity/Q114711538			https://dracor.org/id/ger000593
164	Karl Philipp Moritz	http://www.wikidata.org/entity/Q215781	https://d-nb.info/gnd/118584162	Blunt oder der Gast	Fragment	222–223	1780	1986-12-12	Heidelberg	http://www.wikidata.org/entity/Q105729385		https://d-nb.info/gnd/4409394-9	https://dracor.org/id/ger000528
165	Justus Möser	http://www.wikidata.org/entity/Q65087	https://d-nb.info/gnd/11858314X	Arminius	Ein Trauerspiel	224–225	1749	1750	Wien	http://www.wikidata.org/entity/Q27507972			
166	Justus Möser	http://www.wikidata.org/entity/Q65087	https://d-nb.info/gnd/11858314X	Die Tugend auf der Schaubühne; oder: Harlekin’s Heirath	Ein Nachspiel in einem Aufzuge	225–226	1798	1765-04	Osnabrück	http://www.wikidata.org/entity/Q84606039			https://dracor.org/id/ger000481
167	Friedrich Müller	http://www.wikidata.org/entity/Q481491	https://d-nb.info/gnd/118584871	Fausts Leben		226–227	1778			http://www.wikidata.org/entity/Q111396487		https://d-nb.info/gnd/1200434315	https://dracor.org/id/ger000561
168	Karl Müller von Friedberg	http://www.wikidata.org/entity/Q1230748	https://d-nb.info/gnd/118785257	Das gerettete Helvetien oder Orgetorix	Ein Staats-Trauerspiel in fünf Aufzügen	227–228	1779						
169	Christlob Mylius	http://www.wikidata.org/entity/Q109405	https://d-nb.info/gnd/11858605X	Die Aerzte	Ein Lustspiel in fünf Aufzügen	228–230	1745			http://www.wikidata.org/entity/Q137361401			
170	Anton Nagel	http://www.wikidata.org/entity/Q26311101	https://d-nb.info/gnd/119257394	Der Bürgeraufruhr in Landshut		230–231	1782						
171	Friederike Caroline Neuber	http://www.wikidata.org/entity/Q68316	https://d-nb.info/gnd/118738577	Das Schäferfest oder die Herbstfreude	Ein deutsches Lustspiel in Versen	231–233		1753-10-15	Wien	http://www.wikidata.org/entity/Q56449055			https://dracor.org/id/ger000122
172	Johann Samuel Patzke	http://www.wikidata.org/entity/Q1696085	https://d-nb.info/gnd/115535918	Virginia	Ein Trauerspiel	233–234	1755			http://www.wikidata.org/entity/Q3820061		https://d-nb.info/gnd/1069606103	
173	Joseph Bernhard Pelzel	http://www.wikidata.org/entity/Q55858581	https://d-nb.info/gnd/12200308X	Yariko	Ein Trauerspiel in einer Handlung	234–235	1770	1771-06-01	Wien	http://www.wikidata.org/entity/Q133270117			https://dracor.org/id/ger000742
174	(Friedwart) Konrad Kasimir Pfaiffenberger	http://www.wikidata.org/entity/	https://d-nb.info/gnd/	Gottgetreu, oder die verhinderte Unthat		236–237	1787			http://www.wikidata.org/entity/Q137358761			
175	Gottlieb Konrad Pfeffel	http://www.wikidata.org/entity/Q77742	https://d-nb.info/gnd/118740709	Der Einsiedler	Ein Trauerspiel in Versen von einem Aufzuge	237–238	1761			http://www.wikidata.org/entity/Q133270066			
176	Gottlieb Konrad Pfeffel	http://www.wikidata.org/entity/Q77742	https://d-nb.info/gnd/118740709	Der Schatz	Ein Schäferspiel	238	1761			http://www.wikidata.org/entity/Q56255327		https://d-nb.info/gnd/1121946461	https://dracor.org/id/ger000249
177	Johann Gottlob Benjamin Pfeil	http://www.wikidata.org/entity/Q1256273	https://d-nb.info/gnd/115546456	Lucie Woodvil	Ein bürgerliches Trauerspiel in fünf Handlungen	239	1756	1756-08	Danzig	http://www.wikidata.org/entity/Q55148569		https://d-nb.info/gnd/1199323160	https://dracor.org/id/ger000215
178	Picander (= Christian Friedrich Henrici)	http://www.wikidata.org/entity/Q60613	https://d-nb.info/gnd/108359573	Die Weiber-Probe oder die Untreue der Ehe-Frauen in einem Schau-Spiele vorgestellet		240–241	1725						
179	Friedrich Lebegott Pitschel	http://www.wikidata.org/entity/Q60840682	https://d-nb.info/gnd/117689769	Darius	Ein Trauerspiel in fünf Aufzügen	241–242	1741	1751	Wien	http://www.wikidata.org/entity/Q95569070			
180	Karl Martin Plümicke	http://www.wikidata.org/entity/Q1543650	https://d-nb.info/gnd/116246871	Henriette, oder der Husarenraub	Ein Schauspiel, in fünf Akten	243–244	1780	1779-05-24	Berlin				
181	Karl Martin Plümicke	http://www.wikidata.org/entity/Q1543650	https://d-nb.info/gnd/116246871	Lanassa	Trauerspiel in fünf Akten	244	1782	1781-11-10	Berlin				
182	Theodor Johann Quistorp	http://www.wikidata.org/entity/Q1749663	https://d-nb.info/gnd/100540856	Aurelius, oder Denkmaal der Zärtlichkeit	Ein Trauerspiel	245–246	1743	1762	Wien				
183	Theodor Johann Quistorp	http://www.wikidata.org/entity/Q1749663	https://d-nb.info/gnd/100540856	Der Bock im Processe	Ein Lustspiel von fünf Aufzügen	246–247	1744						
184	Theodor Johann Quistorp	http://www.wikidata.org/entity/Q1749663	https://d-nb.info/gnd/100540856	Der Hypochondrist	Ein deutsches Lustspiel. In fünf Aufzügen	247–248	1745	1747	Hannover	http://www.wikidata.org/entity/Q51406156			https://dracor.org/id/ger000192
185	Karl von Reitzenstein	http://www.wikidata.org/entity/Q1492880	https://d-nb.info/gnd/104315474	Die Negersklaven	Ein Trauerspiel in fünf Aufzügen	248–249	1793			http://www.wikidata.org/entity/Q133374196		https://d-nb.info/gnd/121268494X	https://dracor.org/id/ger000734
186	Christian Reuter	http://www.wikidata.org/entity/Q103304	https://d-nb.info/gnd/118744690	Graf Ehrenfried in einem Lust-Spiele vorgestellet		250–251	1700	1700-05-13	Leipzig				
187	Karl Franz Romanus	http://www.wikidata.org/entity/Q84561647	https://d-nb.info/gnd/101054440	Crispin als Vater		251–252	1761	1756-04	Leipzig				
188	Emanuel Schikaneder	http://www.wikidata.org/entity/Q213547	https://d-nb.info/gnd/11860757X	Hanns Dollinger, oder das heimliche Blutgericht	Ein Schauspiel in 3 Aufzügen	252–253	1792	1788-07-20	Regensburg				
189	Emanuel Schikaneder	http://www.wikidata.org/entity/Q213547	https://d-nb.info/gnd/11860757X	Philippine Welserinn, die schöne Herzoginn von Tyrol	Ein Schauspiel in fünf Aufzügen	253–254	1792	1780					
190	Friedrich Schiller	http://www.wikidata.org/entity/Q22670	https://d-nb.info/gnd/118607626	Dom Karlos Infant von Spanien		254–256	1787	1787-08-29	Hamburg	http://www.wikidata.org/entity/Q498408		https://d-nb.info/gnd/4130120-1	https://dracor.org/id/ger000217
191	Friedrich Schiller	http://www.wikidata.org/entity/Q22670	https://d-nb.info/gnd/118607626	Ich habe mich rasieren lassen	Ein dramatischer Scherz	256–257	1862	1787-07-02	Dresden				
192	Friedrich Schiller	http://www.wikidata.org/entity/Q22670	https://d-nb.info/gnd/118607626	Kabale und Liebe	Ein bürgerliches Trauerspiel in fünf Aufzügen	257–259	1784	1784-04-13	Frankfurt am Main	http://www.wikidata.org/entity/Q263150	https://www.goodreads.com/work/editions/927272	https://d-nb.info/gnd/4099337-1	https://dracor.org/id/ger000096
193	Friedrich Schiller	http://www.wikidata.org/entity/Q22670	https://d-nb.info/gnd/118607626	Die Räuber	Ein Schauspiel	259–261	1781	1782-01-13	Mannheim	http://www.wikidata.org/entity/Q466333	https://www.goodreads.com/work/editions/6226708	https://d-nb.info/gnd/4099339-5	https://dracor.org/id/ger000008
194	Friedrich Schiller	http://www.wikidata.org/entity/Q22670	https://d-nb.info/gnd/118607626	Die Verschwörung des Fiesko zu Genua	Ein republikanisches Trauerspiel	261–263	1783	1783-07-20	Bonn	http://www.wikidata.org/entity/Q382941	https://www.goodreads.com/work/editions/1573372	https://d-nb.info/gnd/4255626-0	https://dracor.org/id/ger000451
195	Friedrich Schiller	http://www.wikidata.org/entity/Q22670	https://d-nb.info/gnd/118607626	Wallenstein	Ein dramatisches Gedicht	263–265	1800	1798-10-12	Weimar	http://www.wikidata.org/entity/Q525580		https://d-nb.info/gnd/4099340-1	
196	Johann Friedrich Schink	http://www.wikidata.org/entity/Q15873118	https://d-nb.info/gnd/118607774	Adelstan und Röschen	Ein Trauerspiel mit Gesang	266–267	1776						
197	Johann Friedrich Schink	http://www.wikidata.org/entity/Q15873118	https://d-nb.info/gnd/118607774	Gianetta Montaldi	Ein Trauerspiel in fünf Aufzügen	267–268	1777	1775	Hamburg	http://www.wikidata.org/entity/Q133310453			
198	Johann Elias Schlegel	http://www.wikidata.org/entity/Q67322	https://d-nb.info/gnd/118608002	Canut	Ein Trauerspiel in fünf Aufzügen	268–269	1746	1745					
199	Johann Elias Schlegel	http://www.wikidata.org/entity/Q67322	https://d-nb.info/gnd/118608002	Dido	Ein Trauerspiel	270–271	1744						
200	Johann Elias Schlegel	http://www.wikidata.org/entity/Q67322	https://d-nb.info/gnd/118608002	Der geschäfftige Müßiggänger	Ein Lustspiel	271–272	1743			http://www.wikidata.org/entity/Q55998437			https://dracor.org/id/ger000397
201	Johann Elias Schlegel	http://www.wikidata.org/entity/Q67322	https://d-nb.info/gnd/118608002	Herrmann	Ein Trauerspiel	273–275	1743	1743					
202	Johann Elias Schlegel	http://www.wikidata.org/entity/Q67322	https://d-nb.info/gnd/118608002	Lucretia	Ein prosaisches Trauerspiel	275–276	1773			http://www.wikidata.org/entity/Q1398793		https://d-nb.info/gnd/4411362-6	
203	Johann Elias Schlegel	http://www.wikidata.org/entity/Q67322	https://d-nb.info/gnd/118608002	Orest und Pylades	Trauerspiel in fünf Aufzügen	276–277	1771	1739	Leipzig				
204	Johann Elias Schlegel	http://www.wikidata.org/entity/Q67322	https://d-nb.info/gnd/118608002	Die stumme Schönheit	Ein Lustspiel in einem Aufzuge	277–278	1747	1754-06-05	Hamburg	http://www.wikidata.org/entity/Q55998571		https://d-nb.info/gnd/1270098640	https://dracor.org/id/ger000328
205	Johann Elias Schlegel	http://www.wikidata.org/entity/Q67322	https://d-nb.info/gnd/118608002	Der Triumpf der guten Frauen	Ein Lustspiel in fünf Aufzügen	278–279	1748						
206	Johann Elias Schlegel	http://www.wikidata.org/entity/Q67322	https://d-nb.info/gnd/118608002	Die Trojanerinnen	Ein Trauerspiel	279–280	1747	1737	Pforta				
207	Christoph Otto von Schönaich	http://www.wikidata.org/entity/Q1085615	https://d-nb.info/gnd/108972755	Mariamne und Herodes	Ein Trauerspiel	281–282	1754			http://www.wikidata.org/entity/Q56448192		https://d-nb.info/gnd/4297163-9	https://dracor.org/id/ger000101
208	Christoph Otto von Schönaich	http://www.wikidata.org/entity/Q1085615	https://d-nb.info/gnd/108972755	Thußnelde und Hermann	Ein Trauerspiel	282–283	1754						
209	Friedrich Ludwig Schröder	http://www.wikidata.org/entity/Q213877	https://d-nb.info/gnd/118610813	Der Ring	Ein Lustspiel in fünf Aufzügen	283–284	1786	1786	Wien				
210	Friedrich Ludwig Schröder	http://www.wikidata.org/entity/Q213877	https://d-nb.info/gnd/118610813	Der Vetter in Lissabon	Ein bürgerliches Familiengemälde in drei Aufzügen	285–286	1786			http://www.wikidata.org/entity/Q51451355	https://www.goodreads.com/work/editions/13858237		https://dracor.org/id/ger000382
211	Johann Gottlieb Schummel	http://www.wikidata.org/entity/Q1694208	https://d-nb.info/gnd/118762648	Das Duell	Ein Lustspiel in Drey Aufzügen	286–287	1773	1779-05-10	Hamburg				
212	Friedrich Julius Heinrich von Soden	http://www.wikidata.org/entity/Q103911	https://d-nb.info/gnd/118852027	Ernst, Graf von Gleichen, Gatte zweyer Weiber	Ein Schauspiel in fünf Aufzügen	287–288	1791						
213	Friedrich Julius Heinrich von Soden	http://www.wikidata.org/entity/Q103911	https://d-nb.info/gnd/118852027	Ignez de Castro	Ein Trauerspiel	288–289	1784						
214	Joseph Valentin Edler von Speckner	http://www.wikidata.org/entity/Q95005281	https://d-nb.info/gnd/117482331	Darius	Ein Trauerspiel in einem Aufzuge	290	1775	1774-09-19	Schrobenhausen	http://www.wikidata.org/entity/Q95569070			
215	Christian Heinrich Spieß	http://www.wikidata.org/entity/Q91589	https://d-nb.info/gnd/118961446	Marie Stuart	Ein Trauerspiel in fünf Aufzügen	291–292	1784	1784	Wien				
216	Johann Heinrich Steffens	http://www.wikidata.org/entity/Q55126939	https://d-nb.info/gnd/117226807	Clarissa	Ein bürgerliches Trauerspiel, in drei Aufzügen	292–293	1765	1765	Celle				
217	Charlotte von Stein	http://www.wikidata.org/entity/Q64201	https://d-nb.info/gnd/118617222	Dido	Ein Trauerspiel in fünf Aufzügen	294–295	1867						
218	Johann Gottlieb Stephanie d. J.	http://www.wikidata.org/entity/Q78822	https://d-nb.info/gnd/119545799	Der Deserteur aus kindlicher Liebe	Ein Lustspiel in drey Aufzügen	295–196	1776	1773	Wien				
219	Friedrich Leopold zu Stolberg-Stolberg	http://www.wikidata.org/entity/Q213737	https://d-nb.info/gnd/118755552	Timoleon	Ein Trauerspiel mit Chören	296–297	1784						
220	Helfrich Peter Sturz	http://www.wikidata.org/entity/Q1602121	https://d-nb.info/gnd/118619756	Julie	Ein Trauerspiel in fünf Aufzügen	298	1767	1767-10-15	Hamburg				
221	Ludwig Tieck	http://www.wikidata.org/entity/Q57239	https://d-nb.info/gnd/12989432X	Der gestiefelte Kater	Kindermährchen in drei Akten, mit Zwischenspielen, einem Prologe und Epiloge	299–300	1797	1844-04-20	Berlin	http://www.wikidata.org/entity/Q1198710		https://d-nb.info/gnd/4325631-4	https://dracor.org/id/ger000285
222	Ludwig Tieck	http://www.wikidata.org/entity/Q57239	https://d-nb.info/gnd/12989432X	Prinz Zerbino oder die Reise nach dem guten Geschmack, gewissermaßen eine Fortsetzung des gestiefelten Katers	Spiel in sechs Aufzügen	301	1799			http://www.wikidata.org/entity/Q55021950		https://d-nb.info/gnd/1163624179	https://dracor.org/id/ger000259
223	Ludwig Tieck	http://www.wikidata.org/entity/Q57239	https://d-nb.info/gnd/12989432X	Die verkehrte Welt	Ein historisches Schauspiel in fünf Aufzügen	302–303	1799	1975	Berlin	http://www.wikidata.org/entity/Q55999055		https://d-nb.info/gnd/1042648468	https://dracor.org/id/ger000313
224	Joseph August von Toerring	http://www.wikidata.org/entity/Q1675559	https://d-nb.info/gnd/118802399	Agnes Bernauerinn	Ein vaterländisches Trauerspiel	304–305	1780	1781-01-06	Mannheim				
225	Joseph August von Toerring	http://www.wikidata.org/entity/Q1675559	https://d-nb.info/gnd/118802399	Kaspar Der Thöringer	Ein historisches Schauspiel in fünf Aufzügen	305–306	1785						
226	Friedrich von der Trenck	http://www.wikidata.org/entity/Q84363	https://d-nb.info/gnd/118623796	Araxane	Ein erdichtetes Trauerspiel	306–307	1754	1754	Wien				
227	Adam Gottfried Uhlich	http://www.wikidata.org/entity/Q349537	https://d-nb.info/gnd/118625101	Der Schlendrian, oder des berühmten Boockesbeutels Tod und Testament	Ein Lustspiel von drey Aufzügen	307–308	1746						
228	Adam Gottfried Uhlich	http://www.wikidata.org/entity/Q349537	https://d-nb.info/gnd/118625101	Ulysses oder Der für todt gehaltene aber endlich glücklich wieder gefundene Ehe-Gemahl	Ein Trauerspiel	309	1751	1730	Wien				
229	Johann Christoph Unzer	http://www.wikidata.org/entity/Q18957711	https://d-nb.info/gnd/117311251	Die neue Emma	Ein Lustspiel in drei Aufzügen	310–311	1782						
230	Christian August Vulpius	http://www.wikidata.org/entity/Q65376	https://d-nb.info/gnd/118770489	Die Männer der Republik	Ein Lustspiel in zwei Aufzügen	311–312	1788						
231	Heinrich Leopold Wagner	http://www.wikidata.org/entity/Q62880	https://d-nb.info/gnd/11862833X	Die Kindermörderinn	Ein Trauerspiel	312–315	1776	1777	Preßburg				
232	Heinrich Leopold Wagner	http://www.wikidata.org/entity/Q62880	https://d-nb.info/gnd/11862833X	Prometheus, Deukalion und seine Recensenten	Voran ein Prologus und zulezt ein Epilogus	315–316	1775						
233	Heinrich Leopold Wagner	http://www.wikidata.org/entity/Q62880	https://d-nb.info/gnd/11862833X	Die Reue nach der That	Ein Schauspiel	316–317	1775	1777-12-05	Hamburg	http://www.wikidata.org/entity/Q55999240	https://www.goodreads.com/work/editions/42672736		https://dracor.org/id/ger000264
234	Paul Weidmann	http://www.wikidata.org/entity/Q114260	https://d-nb.info/gnd/119497921	Johann Faust	Ein allegorisches Drama in fünf Aufzügen	317–319	1775	1775	Prag	http://www.wikidata.org/entity/Q52929139			https://dracor.org/id/ger000014
235	Paul Weidmann	http://www.wikidata.org/entity/Q114260	https://d-nb.info/gnd/119497921	Mosthadem, oder der Fanatismus	Ein deutsches Originaltrauerspiel in Versen von fünf Aufzügen	319–320	1772						
236	Paul Weidmann	http://www.wikidata.org/entity/Q114260	https://d-nb.info/gnd/119497921	Usanquei, oder die Patrioten in Sina	Ein deutsches Originaltrauerspiel in Versen von fünf Aufzügen	320–321	1771						
237	Christian Weise	http://www.wikidata.org/entity/Q90798	https://d-nb.info/gnd/118630369	Ein wunderliches Schau-Spiel vom Niederländischen Bauer, welchem der berühmte Printz Philippus Bonus zu einem galanten Traume geholffen hat		322–323	1700	1685-11-25	Zittau				
238	Christian Felix Weiße	http://www.wikidata.org/entity/Q68815	https://d-nb.info/gnd/118630563	Atreus und Thyest	Ein Trauerspiel in fünf Aufzügen	323–325	1766	1767-01-28	Leipzig	http://www.wikidata.org/entity/Q52928953			https://dracor.org/id/ger000291
239	Christian Felix Weiße	http://www.wikidata.org/entity/Q68815	https://d-nb.info/gnd/118630563	Die Befreiung von Theben	Ein Trauerspiel in fünf Aufzügen	325–326	1764						
240	Christian Felix Weiße	http://www.wikidata.org/entity/Q68815	https://d-nb.info/gnd/118630563	Der Fanatismus, oder: Jean Calas	Ein historisches Schauspiel in fünf Aufzügen	326–327	1780	1780-08-03	Berlin	http://www.wikidata.org/entity/Q135012597			
241	Christian Felix Weiße	http://www.wikidata.org/entity/Q68815	https://d-nb.info/gnd/118630563	Mustapha und Zeangir	Ein Trauerspiel in fünf Aufzügen	328–329	1763	1763	Leipzig				
242	Christian Felix Weiße	http://www.wikidata.org/entity/Q68815	https://d-nb.info/gnd/118630563	Die Poeten nach der Mode	Ein Lustspiel in drey Aufzügen	329–330	1756	1751	Leipzig				
243	Christian Felix Weiße	http://www.wikidata.org/entity/Q68815	https://d-nb.info/gnd/118630563	Richard der Dritte	Ein Trauerspiel in fünf Aufzügen	330–332	1759	1759	Hamburg				
244	Christian Felix Weiße	http://www.wikidata.org/entity/Q68815	https://d-nb.info/gnd/118630563	Romeo und Julie	Ein bürgerliches Trauerspiel in fünf Aufzügen	332–333	1768	1767-04-27	Leipzig	http://www.wikidata.org/entity/Q133838971			
245	Christian Felix Weiße	http://www.wikidata.org/entity/Q68815	https://d-nb.info/gnd/118630563	Rosemunde	Ein Trauerspiel in fünf Aufzügen	334–335	1763	1767-02-03	Hamburg				
246	Christoph Martin Wieland	http://www.wikidata.org/entity/Q154010	https://d-nb.info/gnd/118632477	Clementia von Porretta	Ein Drama aus Richardsons Geschichte Sir Karl Grandisons gezogen	335–336	1760						
247	Christoph Martin Wieland	http://www.wikidata.org/entity/Q154010	https://d-nb.info/gnd/118632477	Lady Johanna Gray	Ein Trauer-Spiel	336–337	1758	1758-07-20	Winterthur	http://www.wikidata.org/entity/Q52928044		 https://d-nb.info/gnd/4219363-1 	https://dracor.org/id/ger000445
248	Christoph Martin Wieland	http://www.wikidata.org/entity/Q154010	https://d-nb.info/gnd/118632477	Pandora	Ein Lustspiel in zwey Aufzügen	337–338	1779						
249	Caroline von Wolzogen	http://www.wikidata.org/entity/Q75960	https://d-nb.info/gnd/118771272	Der leukadische Fels	Ein Schauspiel	338–339	1792						
250	Heinrich Zschokke	http://www.wikidata.org/entity/Q66207	https://d-nb.info/gnd/118637266	Abällino der grosse Bandit	Ein Trauerspiel in fünf Aufzügen	340	1795	1795	Weimar				
251	Heinrich Zschokke	http://www.wikidata.org/entity/Q66207	https://d-nb.info/gnd/118637266	Charlotte Corday oder die Rebellion von Calvados	Ein republikanisches Trauerspiel in vier Akten. (Aus den Zeiten der französischen Revolution.) In Jamben	341	1794						
